Sr.No,model_name,question,answer,prompt_token,response_token,total_token,total_response_time,relevance,clarity,completeness,usefulness,overall_score
1,mistral-small-latest,What factors should I consider when buying a wireless noise-cancelling headphone?,"When buying **wireless noise-cancelling headphones**, several key factors should influence your decision to ensure you get the best value and performance for your needs. Here’s a breakdown of the most important considerations:

---

### **1. Noise Cancellation Performance**
- **Active Noise Cancellation (ANC) Quality**:
  - **Effectiveness**: Look for headphones with **adaptive ANC** (adjusts to ambient noise) and **multi-microphone systems** for better isolation.
  - **Transparency Mode**: Useful for conversations or situational awareness.
  - **Brand Reputation**: Sony (WH-1000XM series), Bose (QuietComfort, Noise Cancelling Headphones 700), and Apple (AirPods Max) are leaders in ANC.
- **Passive Isolation**: Even with ANC off, the ear cups and padding should block external noise well.

---

### **2. Sound Quality**
- **Driver Size & Technology**:
  - Larger drivers (e.g., 40mm+) generally offer better bass and clarity.
  - **Frequency Response**: Look for a balanced sound signature (e.g., Sony’s V1 processors for rich bass, Sennheiser’s clarity).
- **Codec Support**:
  - **Bluetooth Codecs**: AAC (iOS), aptX (Android), LDAC (high-res audio), and **LC3+** (for low latency).
  - **Wired Option**: Some models (e.g., Bose QC Ultra) support wired 3.5mm for lossless audio.
- **EQ Customization**: Apps like **Sony Headphones Connect** or **Bose Music** allow tuning sound profiles.

---

### **3. Battery Life & Charging**
- **Playback Time**:
  - **ANC On**: 20–30 hours (e.g., Sony WH-1000XM5: 30h, Bose QC Ultra: 24h).
  - **ANC Off**: Often 30–50+ hours.
- **Fast Charging**: 5–10 minutes for 3–5 hours of playback (e.g., AirPods Max).
- **Wireless Charging**: Some models (e.g., Bose QC Ultra) support Qi charging.
- **Battery Health**: Check if the battery is replaceable (rare) or if the headphones degrade over time.

---

### **4. Comfort & Fit**
- **Ear Cup Design**:
  - **Over-ear** (best for ANC and comfort) vs. **on-ear** (lighter but less isolating).
  - **Padding**: Memory foam (Sony) or protein leather (Bose) for long sessions.
- **Headband Adjustability**: Padded headbands (e.g., Sennheiser Momentum 4) reduce pressure.
- **Weight**: Lighter models (e.g., AirPods Max: 385g) are better for travel; heavier ones (e.g., Bose QC Ultra: 250g) may cause fatigue.
- **Clamp Force**: Should be snug but not painful (test in-store if possible).

---

### **5. Wireless Connectivity & Features**
- **Bluetooth Version**:
  - **Bluetooth 5.2+** (better range, lower latency, multi-device pairing).
  - **Multipoint Pairing**: Connect to 2 devices simultaneously (e.g., laptop + phone).
- **Latency**: Important for gaming/videos (look for **low-latency modes** or **aptX Low Latency**).
- **Range**: Typically 30–100 feet (10–30 meters), but walls/obstacles reduce this.
- **Onboard Controls**: Touch vs. physical buttons (touch can be finicky).

---
### **6. Microphone Quality**
- **Call Clarity**: Test in noisy environments (e.g., cafes, streets).
- **AI Noise Reduction**: Features like **Bose’s Bone Conduction Mic** or **Sony’s V1 processor** improve voice pickup.
- **Mute Button**: Useful for quick muting during calls.

---
### **7. Build Quality & Durability**
- **Materials**: Metal vs. plastic (e.g., AirPods Max has a stainless steel frame).
- **IP Rating**: Some models (e.g., Sony WH-1000XM5) are **IPX4** (sweat/water-resistant).
- **Foldability**: Useful for travel (e.g., Bose QC Ultra folds).
- **Replaceable Parts**: Ear pads, headbands, or batteries (if available).

---
### **8. Smart Features & App Integration**
- **Voice Assist",31,1000,1031,8.426764600037131,5,5,4,5,4.75
2,mistral-small-latest,Explain the key differences between SSD and HDD storage in simple terms.,"Here’s a simple breakdown of the key differences between **SSD (Solid State Drive)** and **HDD (Hard Disk Drive)** storage:

### **1. How They Store Data**
- **HDD (Hard Disk Drive):**
  - Uses **spinning magnetic disks (platters)** and a **moving read/write head** (like a record player).
  - Data is stored as **magnetic charges** on the disks.
  - The head moves to the correct location to read/write data.

- **SSD (Solid State Drive):**
  - Uses **flash memory (NAND chips)**, like a giant USB stick.
  - No moving parts—data is stored in **memory cells** (like tiny switches that hold charge).
  - Data is accessed **instantly** because there’s no waiting for a head to move.

### **2. Speed (Performance)**
| Feature       | HDD | SSD |
|--------------|-----|-----|
| **Boot Time** | 30–60 sec | 5–10 sec |
| **File Transfer** | Slow (e.g., copying a large file takes minutes) | Fast (same task in seconds) |
| **Loading Games/Apps** | Takes longer | Almost instant |
| **Random Access** | Slower (head has to move) | Much faster (no moving parts) |

**Winner:** **SSD** (10–100x faster than HDD).

### **3. Durability & Reliability**
- **HDD:**
  - **Fragile**—moving parts can break if dropped or shaken.
  - **Wears out over time** (especially with frequent use).
  - **Better for long-term storage** (data lasts longer if unused).

- **SSD:**
  - **No moving parts = more durable** (better for laptops, shocks, drops).
  - **Wears out with writes** (each cell has a limited number of write cycles).
  - **Modern SSDs last 5–10 years** under normal use.

**Winner:** **SSD** (for durability in most cases, but HDDs can last longer if stored unused).

### **4. Noise & Heat**
- **HDD:**
  - **Makes noise** (spinning disks + moving head).
  - **Generates more heat** (due to moving parts).

- **SSD:**
  - **Silent** (no moving parts).
  - **Runs cooler** (less heat).

**Winner:** **SSD** (quieter and cooler).

### **5. Power Consumption**
- **HDD:** Uses more power (spinning disks + motor).
- **SSD:** Uses **less power** (great for laptops, extending battery life).

**Winner:** **SSD** (better for laptops and energy efficiency).

### **6. Price & Storage Capacity**
| Feature       | HDD | SSD |
|--------------|-----|-----|
| **Cost per GB** | Cheaper ($0.02–$0.05/GB) | More expensive ($0.08–$0.20/GB) |
| **Max Capacity** | Up to **20TB+** (cheap) | Up to **8TB** (expensive) |
| **Best For** | Bulk storage (backups, media) | Speed (OS, apps, games) |

**Winner:**
- **HDD** for **cheap, high-capacity storage** (e.g., storing movies, backups).
- **SSD** for **speed and reliability** (e.g., operating system, games, frequently used files).

### **7. Lifespan & Data Retention**
- **HDD:**
  - **Lasts longer if unused** (data can survive for decades).
  - **Degrades faster with frequent use** (moving parts wear out).

- **SSD:**
  - **Degrades with writes** (but modern SSDs have **wear-leveling** to extend life).
  - **Data retention is shorter if unused** (5–10 years vs. HDD’s decades).

**Winner:**
- **HDD** for **long-term archival storage**.
- **SSD** for **active use** (but still lasts years).

---

### **When to Use Which?**
| Use Case | Best Choice | Why? |
|----------|------------|------|
| **Operating System (Windows/macOS)** | SSD | Faster boot & app loading |
| **Gaming** | SSD | Games load faster, less waiting |
| **Video Editing / Large Files** | SSD (for speed) + HDD (for storage) | Fast editing + cheap bulk storage |
| **Backups",30,1000,1030,8.801494500017725,5,5,5,5,5
3,mistral-small-latest,Give me 5 tips for choosing a good office chair for long working hours.,"Choosing the right office chair for long working hours is crucial for comfort, productivity, and long-term health. Here are **five essential tips** to help you pick the best one:

### **1. Prioritize Ergonomics & Adjustability**
A good office chair should support your body’s natural posture. Look for:
- **Lumbar support** (adjustable to fit your lower back curve).
- **Seat depth & height adjustment** (feet flat on the floor, knees at 90°).
- **Armrests** (adjustable height & width to prevent shoulder strain).
- **Reclining backrest** (100°–110° angle to reduce spinal pressure).

*Why?* Poor ergonomics can lead to back pain, neck strain, and fatigue over time.

### **2. Opt for High-Quality Materials & Breathability**
- **Seat & backrest:** Look for **mesh** (breathable, good for long hours) or **high-density foam** (firm but comfortable).
- **Upholstery:** Avoid cheap synthetic fabrics that trap heat; **leather or fabric blends** are better for durability.
- **Padding:** Should be **firm enough** to support but **soft enough** to avoid pressure points.

*Why?* Cheap materials sag quickly, leading to discomfort and poor posture.

### **3. Check the Chair’s Weight Capacity & Durability**
- **Weight rating:** Ensure the chair supports **at least 20–30 lbs more** than your weight (e.g., if you weigh 180 lbs, choose a chair rated for 200+ lbs).
- **Frame & mechanisms:** Look for **gas lift cylinders** (Class 4 or higher for longevity) and **metal or reinforced plastic** bases.
- **Warranty:** A **5+ year warranty** (especially on mechanisms) indicates quality.

*Why?* A weak chair can collapse or wear out quickly, causing injuries.

### **4. Test the Chair Before Buying (or Read Reviews Carefully)**
- **Sit for at least 10–15 minutes** in different positions (leaning back, typing, relaxing).
- **Check for:**
  - **Smooth reclining** (no jerky movements).
  - **Stable base** (5-star casters for easy movement).
  - **No squeaking or wobbling** when adjusted.
- **Read expert reviews** (e.g., Wirecutter, RTINGS, or ergonomic specialists).

*Why?* A chair that feels good in the store may not suit long-term use.

### **5. Consider Your Workspace & Movement Needs**
- **Desk height & chair compatibility:** Ensure the chair fits under your desk (seat height range: **16–21 inches**).
- **Swivel & casters:** **360° swivel** for easy reach, **soft-rolling casters** for hard floors (hard casters for carpets).
- **Headrest (optional):** Helpful if you lean back often (e.g., for calls or relaxation).

*Why?* A chair that forces you into an awkward position defeats its purpose.

### **Bonus Tip: Try a Standing Desk or Active Seating**
If you sit for **8+ hours/day**, consider:
- A **standing desk converter** (to alternate between sitting & standing).
- **Active seating options** (balance ball, kneeling chair, or saddle seat) to engage core muscles.

### **Top Recommended Chairs (Based on Budget)**
| **Budget** | **Best Picks** |
|------------|---------------|
| **$100–$200** | Hbada Ergonomic Chair, Ticova Ergonomic Office Chair |
| **$200–$400** | Herman Miller Aeron (Classic), Steelcase Gesture |
| **$400+** | Secretlab Titan Evo, Autonomous ErgoChair Pro |

Would you like recommendations based on a specific budget or body type?",31,849,880,6.143897400004789,5,5,5,5,5
4,mistral-small-latest,Compare laptops vs tablets for students and suggest when to choose each.,"Choosing between a **laptop** and a **tablet** for students depends on their needs, budget, and the type of tasks they’ll perform. Below is a detailed comparison to help decide when to choose each:

---

### **🔹 Key Differences: Laptop vs. Tablet for Students**

| **Feature**          | **Laptop** | **Tablet** |
|----------------------|------------|------------|
| **Portability**      | Bulkier (1.5–3 kg) | Lightweight (0.5–1.5 kg) |
| **Screen Size**      | 11""–17"" (better for multitasking) | 7""–13"" (portable but smaller) |
| **Input Method**     | Full keyboard + trackpad | On-screen keyboard or detachable keyboard (optional) |
| **Performance**      | Stronger (better for coding, video editing, gaming) | Weaker (good for notes, browsing, light apps) |
| **Battery Life**     | 6–12 hours | 8–15 hours (often better) |
| **Software Support** | Full desktop OS (Windows/macOS/Linux) | Mobile OS (iPadOS, Android) or limited desktop mode |
| **Multitasking**     | Excellent (multiple windows, split-screen) | Limited (better with iPadOS 16+ or Android 12+) |
| **Gaming**           | Can run AAA games (with dedicated GPU) | Mostly mobile/indie games |
| **Note-Taking**      | Good (with stylus) but bulkier | Excellent (Apple Pencil, Samsung S Pen) |
| **Price Range**      | $300–$2,000+ | $200–$1,500 |
| **Repairability**    | Easier to upgrade (RAM, storage) | Often sealed (harder to repair) |
| **Connectivity**     | More ports (USB, HDMI, SD card) | Fewer ports (USB-C, dongles needed) |

---

### **📚 When to Choose a Laptop for Students**
✅ **Best for:**
- **STEM students (Engineering, CS, Math, Physics)** – Need coding (Python, MATLAB), simulations, or heavy software (AutoCAD, SolidWorks).
- **Business/Finance students** – Require Excel, PowerPoint, and multitasking.
- **Graphic Design/Video Editing** – Need powerful CPUs/GPUs (Adobe Suite, Blender).
- **Gaming** – Can run PC games (Steam, Epic Games).
- **Long writing assignments** – Full keyboard is more comfortable.
- **Multitasking** – Split-screen for research + writing.
- **Budget flexibility** – Cheaper models ($300–$600) like **Acer Aspire 5** or **Lenovo IdeaPad 3** exist.

❌ **Avoid if:**
- Portability is a top priority (tablets are lighter).
- Only need note-taking, browsing, and light apps.
- Budget is very tight (good tablets start at $200, but laptops under $300 are rare).

#### **🔥 Best Laptops for Students (2024)**
| **Use Case** | **Budget ($300–$600)** | **Mid-Range ($600–$1,000)** | **Premium ($1,000+)** |
|-------------|----------------------|--------------------------|----------------------|
| **General Use** | Acer Aspire 5, Lenovo IdeaPad 3 | HP Pavilion x360, Dell Inspiron 15 | MacBook Air M1/M2, Dell XPS 13 |
| **STEM/Engineering** | Lenovo Flex 5 (AMD Ryzen) | ASUS ZenBook 14, HP Envy x360 | MacBook Pro 14"" (M3), Dell XPS 15 |
| **Art/Design** | Lenovo IdeaPad Duet 5 (2-in-1) | Microsoft Surface Laptop 3 | MacBook Pro 16"", HP Spectre x360 |
| **Gaming** | Acer Nitro 5 (budget) | ASUS TUF Gaming A15 | Razer Blade 15, Alienware m16 |

---

### **📱 When to Choose a Tablet for Students**
✅ **Best for:**
- **Note-taking & Digital Art**",29,1000,1029,7.167049399984535,5,4,4,4,4
5,mistral-small-latest,Write a short promotional message for an online shopping platform highlighting fast delivery and great customer service.,"**Shop Faster, Smile More!** ✨

🚀 **Lightning-Fast Delivery** – Get your favorites in record time!
💬 **24/7 Customer Care** – Friendly experts ready to help with a smile.
🛒 **Hassle-Free Shopping** – Seamless checkout, amazing deals, and top-notch service.

**Why wait?** Start browsing now and experience shopping like never before! 🛍️💙

[**Shop Now**] [Insert Link]",33,116,149,1.2296702000312507,5,5,5,5,5
6,mistral-small-latest,Explain in detail how a recommendation system works in e-commerce platforms.,"Recommendation systems are a cornerstone of modern e-commerce platforms, driving **personalization, engagement, and revenue** by suggesting products tailored to individual users. These systems analyze user behavior, preferences, and contextual data to predict what a user might want to buy next. Below is a **detailed breakdown** of how they work, covering **key techniques, algorithms, data sources, challenges, and real-world implementations**.

---

## **1. Core Components of a Recommendation System**
A typical e-commerce recommendation system consists of:
1. **Data Collection Layer** – Gathers user and product data.
2. **Data Processing Layer** – Cleans, transforms, and structures data.
3. **Modeling Layer** – Applies algorithms to generate recommendations.
4. **Serving Layer** – Delivers personalized suggestions in real-time.
5. **Feedback Loop** – Continuously improves recommendations via user interactions.

---

## **2. Types of Recommendation Systems**
Recommendation systems can be broadly categorized into **three main types**, each with its own strengths and use cases:

### **A. Collaborative Filtering (CF)**
**Idea:** ""Users who agreed in the past will agree in the future.""
- **User-Item Matrix:** A matrix where rows = users, columns = items, and cells = ratings/purchases.
- **Goal:** Predict missing values (e.g., a user’s likelihood of buying an item).

#### **Subtypes:**
1. **User-Based CF**
   - Finds users similar to the target user (e.g., ""Users who bought X also bought Y"").
   - **Steps:**
     1. Compute similarity between users (e.g., **Pearson Correlation, Cosine Similarity**).
     2. Find top-*k* similar users.
     3. Aggregate their preferences to predict recommendations.
   - **Pros:** Simple, intuitive.
   - **Cons:** Scalability issues (O(n²) complexity), cold-start problem for new users.

2. **Item-Based CF**
   - Finds items similar to those the user has interacted with (e.g., ""Customers who viewed this also viewed"").
   - **Steps:**
     1. Compute item-item similarity (e.g., **Jaccard Similarity, Cosine Similarity**).
     2. Recommend items similar to the user’s past interactions.
   - **Pros:** More stable, better for sparse data.
   - **Cons:** Still suffers from cold-start for new items.

3. **Matrix Factorization (MF)**
   - Decomposes the user-item matrix into **latent factors** (e.g., using **Singular Value Decomposition (SVD), ALS**).
   - **Example:** Netflix’s early recommendation system used MF.
   - **Pros:** Handles sparsity well, scalable.
   - **Cons:** Requires dense data, hard to interpret.

#### **Challenges in CF:**
- **Cold Start Problem** (new users/items have no interaction history).
- **Data Sparsity** (most users interact with only a few items).
- **Scalability** (computing similarities for millions of users/items is expensive).

---

### **B. Content-Based Filtering (CBF)**
**Idea:** ""Recommend items similar to those the user liked before.""
- **Features:** Uses item attributes (e.g., category, brand, price, description) and user preferences.
- **Steps:**
  1. **Item Representation:** Represent items as vectors (e.g., TF-IDF, word embeddings, or structured features).
  2. **User Profile:** Build a user profile based on past interactions (e.g., weighted average of liked items).
  3. **Recommendation:** Rank items by similarity to the user’s profile (e.g., **Cosine Similarity**).

#### **Example:**
- If a user frequently buys **organic coffee**, the system recommends other organic coffee brands.
- **Pros:**
  - No cold-start for new users (if they have past interactions).
  - Transparent (easy to explain recommendations).
- **Cons:**
  - Limited diversity (may trap users in a ""filter bubble"").
  - Requires rich item metadata.

---

### **C. Hybrid Recommendation Systems**
**Idea:** Combine multiple approaches to overcome individual weaknesses.
**Common Hybrid Strategies:**
1. **Weighted Hybrid** – Combine scores from different models (e.g., 60% CF + 40% CBF).
2. **Feature Combination** – Use CF and CBF features together in a single model (e.g., **Factorization Machines**).
3. **Cascade Hybrid** – Use one model to narrow down candidates, then another for ranking.
4. **Meta-Level Hybrid** – Train one model to predict the output of another.

",29,1000,1029,6.552506199979689,5,5,5,5,5
7,mistral-small-latest,"Provide a step-by-step guide to selecting a good smartphone based on performance, battery life, and camera quality.","Selecting a good smartphone involves balancing **performance, battery life, and camera quality**—three critical factors that impact daily use. Below is a **step-by-step guide** to help you make an informed decision based on your priorities.

---

### **Step 1: Define Your Priorities**
Before diving into specs, ask yourself:
- **What do I use my phone for most?**
  - Gaming, multitasking, or heavy apps? → **Performance** is key.
  - Streaming, social media, or travel? → **Battery life** matters.
  - Photography, videography, or social sharing? → **Camera** is crucial.
- **Budget range?** (Budget: $200–$500, Mid-range: $500–$900, Flagship: $900+)
- **Brand preferences?** (Apple, Samsung, Google, OnePlus, etc.)

---

### **Step 2: Evaluate Performance**
A smooth experience depends on the **processor, RAM, and software optimization**.

#### **Key Components to Check:**
1. **Processor (SoC - System on Chip)**
   - **Flagship (Best Performance):**
     - **Apple:** A16 Bionic (iPhone 14/15), A17 Pro (iPhone 15 Pro)
     - **Qualcomm:** Snapdragon 8 Gen 3 (Samsung Galaxy S24, OnePlus 12)
     - **Google:** Tensor G3 (Pixel 8 series)
     - **MediaTek:** Dimensity 9300 (Xiaomi 14, Oppo Find X7)
   - **Mid-range (Good Balance):**
     - Snapdragon 7+ Gen 3 (OnePlus Ace 3V)
     - Dimensity 8300 (Xiaomi Redmi Note 13 Pro+)
   - **Budget (Decent for Basics):**
     - Snapdragon 6/7 series (Samsung Galaxy A series)
     - Helio G series (Realme, Infinix)

2. **RAM & Storage**
   - **RAM:** 6GB+ (flagship), 4–6GB (mid-range), 3–4GB (budget).
   - **Storage:** 128GB+ (expandable via microSD if needed).

3. **Software & Updates**
   - **Best for updates:** Google Pixel (5+ years), Apple (6+ years), Samsung (4–5 years).
   - **Android skins:** One UI (Samsung), MIUI (Xiaomi), ColorOS (Oppo).

✅ **Best for Performance:**
- **Gaming/Heavy Use:** iPhone 15 Pro, ASUS ROG Phone 7, RedMagic 9S.
- **General Use:** Samsung Galaxy S24, OnePlus 12, Google Pixel 8 Pro.

---

### **Step 3: Assess Battery Life**
Battery life depends on **battery capacity, efficiency, and software optimization**.

#### **Key Factors:**
1. **Battery Capacity (mAh)**
   - **Good:** 4,000–5,000mAh (lasts a full day).
   - **Excellent:** 5,000–6,000mAh (2-day usage for light users).
   - **Flagship:** 4,500–5,000mAh (efficient chips help).

2. **Charging Speed**
   - **Fast Charging:** 30W+ (Samsung, OnePlus), 65W+ (Xiaomi, Realme).
   - **Wireless Charging:** 15W–50W (Qi standard).
   - **Reverse Charging:** Useful for power banks.

3. **Real-World Battery Life (Check Reviews)**
   - **Best Battery Life:**
     - Samsung Galaxy M54 (6,000mAh)
     - Motorola Moto G Power (5,000mAh)
     - iPhone 15 Plus (4,383mAh, optimized iOS)
   - **Flagship Battery Life:**
     - iPhone 15 Pro Max (~1.5 days)
     - Samsung Galaxy S24 Ultra (~1.5 days)
     - OnePlus 12 (~1.5 days)

✅ **Best for Battery Life:**
- **Budget:** Redmi Note 13 Pro+, Moto G Power.
- **Mid-range:** Samsung Galaxy A54, Google Pixel 7a.
- **Flagship:** iPhone 15 Plus, Samsung Galaxy S24 Ultra.

",38,1000,1038,6.439351799956057,5,4,4,4,4
8,mistral-small-latest,Summarize the benefits of cloud computing for small businesses in a structured bullet-point format.,"### **Benefits of Cloud Computing for Small Businesses**

#### **1. Cost Efficiency**
- **Reduced Upfront Costs**: No need for expensive hardware or infrastructure investments.
- **Pay-as-you-go Pricing**: Only pay for the services and storage used (e.g., SaaS, IaaS).
- **Lower Maintenance Costs**: No on-site IT staff required for hardware upkeep.
- **Scalability**: Easily adjust resources (storage, computing power) based on business needs without over-provisioning.

#### **2. Accessibility & Flexibility**
- **Remote Access**: Work from anywhere with an internet connection (office, home, on the go).
- **Device Independence**: Access data and applications from any device (laptop, tablet, smartphone).
- **Collaboration**: Real-time file sharing and editing with team members (e.g., Google Workspace, Microsoft 365).
- **Global Reach**: Serve customers worldwide without physical office constraints.

#### **3. Enhanced Security & Data Protection**
- **Automatic Backups**: Data is securely stored and backed up in the cloud (reducing risk of data loss).
- **Disaster Recovery**: Quick recovery of data in case of hardware failure, cyberattacks, or natural disasters.
- **Advanced Security Measures**: Built-in encryption, multi-factor authentication (MFA), and regular security updates.
- **Compliance & Certifications**: Many cloud providers comply with industry standards (GDPR, HIPAA, SOC 2).

#### **4. Improved Collaboration & Productivity**
- **Centralized Data**: Single source of truth for documents, reducing version control issues.
- **Real-Time Updates**: Teams can work simultaneously on the same files (e.g., Google Docs, Trello).
- **Automation**: Streamline repetitive tasks (invoicing, customer support, marketing) with cloud-based tools.
- **Integration Capabilities**: Seamless connectivity with other business apps (CRM, accounting, email).

#### **5. Business Continuity & Reliability**
- **High Uptime**: Cloud providers offer 99.9%+ uptime guarantees (e.g., AWS, Azure, Google Cloud).
- **Automatic Updates**: Software and security patches are managed by the provider (no manual updates needed).
- **Redundancy**: Data is replicated across multiple servers and locations to prevent downtime.

#### **6. Competitive Advantage**
- **Access to Enterprise-Grade Tools**: Small businesses can use advanced software (AI, analytics, CRM) without high costs.
- **Faster Time-to-Market**: Deploy new services and applications quickly (e.g., e-commerce, SaaS products).
- **Improved Customer Experience**: Faster response times, 24/7 availability, and personalized services.

#### **7. Environmental & Sustainability Benefits**
- **Reduced Carbon Footprint**: Cloud data centers are more energy-efficient than on-premise servers.
- **Paperless Operations**: Digital storage and workflows minimize physical waste.

#### **8. Easy Integration & Future-Proofing**
- **APIs & Third-Party Integrations**: Connect with tools like Slack, Zoom, QuickBooks, and Shopify.
- **AI & Machine Learning**: Leverage cloud-based AI for analytics, chatbots, and automation.
- **Adaptability**: Quickly adopt new technologies (e.g., IoT, blockchain) as they emerge.

### **Key Takeaway**
Cloud computing empowers small businesses to **compete with larger enterprises** by providing **affordable, secure, and scalable** solutions that enhance **productivity, collaboration, and growth**—all while reducing operational burdens.

Would you like a deeper dive into any specific benefit?",33,774,807,5.132173999969382,5,5,5,5,5
9,mistral-small-latest,"Explain how customers should evaluate different online marketplaces based on pricing, delivery, return policies, and customer support, and provide guidance for making a smart purchase decision.","When evaluating different online marketplaces, customers should consider several key factors to ensure they make a smart purchase decision. Below is a structured guide on how to assess **pricing, delivery, return policies, and customer support**, along with additional tips for a well-informed choice.

---

### **1. Pricing: Getting the Best Value**
**What to Compare:**
- **Base Price vs. Total Cost** – Check if the listed price includes taxes, shipping fees, or hidden charges.
- **Discounts & Promotions** – Look for coupons, bulk deals, or seasonal sales (e.g., Black Friday, Prime Day).
- **Price Matching** – Some marketplaces (e.g., Amazon, Walmart) offer price adjustments if the same item is cheaper elsewhere.
- **Dynamic Pricing** – Prices may fluctuate based on demand (use tools like **Honey** or **Keepa** to track historical pricing).

**Red Flags:**
- Extremely low prices (could indicate counterfeit or low-quality products).
- Sudden price spikes before major sales (may be artificial inflation).

**Smart Tip:**
- Use price comparison tools (**Google Shopping, PriceGrabber, CamelCamelCamel for Amazon**) to find the best deal.

---

### **2. Delivery: Speed, Reliability & Cost**
**What to Evaluate:**
- **Shipping Options** – Free vs. paid shipping, expedited delivery (1-day, 2-day), and international shipping availability.
- **Delivery Speed** – Marketplaces like **Amazon Prime** (2-day), **Walmart+** (3-day), or **eBay Fast ‘N Free** offer faster options.
- **Tracking & Transparency** – Does the marketplace provide real-time tracking? Are there delays or lost package issues?
- **Fulfillment Method** –
  - **Dropshipping** (cheaper but slower, no direct seller control).
  - **Warehouse fulfillment** (faster, more reliable, e.g., Amazon FBA).
  - **Seller direct shipping** (varies by seller reliability).

**Red Flags:**
- No estimated delivery date.
- Poor customer reviews about late or missing deliveries.
- Hidden ""processing time"" delays (common with third-party sellers).

**Smart Tip:**
- Check seller ratings (if applicable) and read reviews mentioning delivery experiences.
- For urgent needs, prioritize marketplaces with **guaranteed delivery windows**.

---

### **3. Return Policies: Flexibility & Hassle-Free Returns**
**What to Look For:**
- **Return Window** – 30 days is standard, but some offer **60-90 days** (e.g., Zappos, Nordstrom).
- **Return Method** – Free return shipping? Drop-off at a store? Prepaid label?
- **Condition for Returns** – Must be unused? Original packaging required?
- **Refund Speed** – Instant refund vs. processing time (some take **5-10 business days**).
- **Restocking Fees** – Rare, but some marketplaces charge for electronics or special items.
- **Seller vs. Marketplace Returns** –
  - **Marketplace-managed returns** (e.g., Amazon) are usually smoother.
  - **Seller-managed returns** may have stricter policies.

**Red Flags:**
- No return policy or vague terms.
- High restocking fees or refusal to accept returns for ""no reason.""
- Difficulty initiating returns (poor customer support).

**Smart Tip:**
- Save return labels and packaging until the return window expires.
- For high-value items, choose marketplaces with **extended return policies** (e.g., **REI’s 1-year return window**).

---

### **4. Customer Support: Resolving Issues Efficiently**
**What to Assess:**
- **Availability** – 24/7 chat, phone, email, or limited hours?
- **Response Time** – Check reviews for complaints about slow responses.
- **Resolution Process** – Do they offer refunds, replacements, or store credits?
- **Self-Service Options** – FAQs, chatbots, or automated refunds for obvious issues.
- **Seller vs. Marketplace Support** –
  - **Marketplace support** (e.g., Amazon A-to-Z Guarantee) is more reliable.
  - **Third-party seller support** can be inconsistent.

**Red Flags:**
- No clear escalation path for disputes.
- Automated responses that don’t solve the problem.
- Negative reviews about unresolved complaints.

**Smart Tip:**
- Test customer support **before** buying (e.g., ask a pre-sale question via chat).
- Use marketplaces with **buyer protection programs** (e.g., PayPal Purchase Protection, eBay Money Back Guarantee).

---

",48,1000,1048,7.986384099989664,5,5,5,5,5
10,mistral-small-latest,"Create a structured comparison of three popular online shopping platforms based on user experience, pricing, delivery speed, and trust factors, and present it in a clear table format.","Here’s a structured comparison of **Amazon**, **eBay**, and **Walmart**—three of the most popular online shopping platforms—based on **user experience, pricing, delivery speed, and trust factors**:

| **Category**          | **Amazon**                          | **eBay**                            | **Walmart**                         |
|-----------------------|-------------------------------------|-------------------------------------|-------------------------------------|
| **User Experience**   | - Clean, intuitive interface        | - Cluttered (mix of auctions & fixed-price) | - Simple, straightforward layout   |
|                       | - Strong search & recommendation algorithms | - Good for niche/used items | - Easy navigation, but fewer features than Amazon |
|                       | - Prime members get exclusive perks (e.g., Prime Video) | - Seller ratings & reviews vary widely | - Limited personalization compared to Amazon |
| **Pricing**           | - Competitive on new items          | - Often cheaper for used/collectible items | - Low prices on groceries & essentials |
|                       | - Frequent discounts & coupons (Prime) | - Auction-style pricing can be unpredictable | - Rollback deals & price matching |
|                       | - Higher prices for some third-party sellers | - Shipping costs vary by seller | - Free 2-day shipping on eligible orders ($35+) |
| **Delivery Speed**    | - **Prime members**: 1-2 day delivery (free) | - Varies by seller (3-10 days typical) | - **Walmart+ members**: 1-2 day delivery (free) |
|                       | - Standard: 3-5 days (free)         | - Faster options available (e.g., eBay Guaranteed Delivery) | - Standard: 3-5 days (free) |
|                       | - Same-day/Prime Now in select areas | - Slower for international sellers | - In-store pickup available nationwide |
| **Trust Factors**     | - High trust due to strict seller policies | - Mixed trust (depends on seller reputation) | - Trusted brand, but third-party sellers can vary |
|                       | - A-to-Z Guarantee protects buyers  | - eBay Money Back Guarantee (limited) | - Walmart’s return policy is buyer-friendly |
|                       | - Prime membership adds reliability | - Buyer protection varies by seller | - Physical stores add credibility for in-store pickup |
|                       | - Data privacy concerns (ads, tracking) | - Less data collection than Amazon | - Minimal data collection compared to Amazon |

### **Key Takeaways:**
✅ **Best for Fast Shipping & Convenience:** **Amazon** (Prime members)
✅ **Best for Deals & Used Items:** **eBay** (auctions & collectibles)
✅ **Best for Budget & Groceries:** **Walmart** (low prices, in-store pickup)

Would you like a deeper dive into any specific aspect (e.g., app experience, customer service, or international shipping)?",48,636,684,5.225188100012019,5,5,5,5,5
